SYMBOL,OPEN,HIGH,LOW,PREV. CLOSE,LTP,INDICATIVE CLOSE,CHANGE,% CHANGE,VOLUME (shares),VALUE (Crores),52W H,52W L,30 D %CHNG,365 D %CHNG
"MOTHERSON","155.17","169.80","155.17","155.00","168.50","-","13.5","8.71","115582755","1,927.00","169.80","89.70","19.8","79.03"
"AUROPHARMA","1,580.10","1,662.40","1,579.90","1,588.90","1,658.00","-","69.1","4.35","2001257","327.54","1,662.40","1,016.10","6.46","55.01"
"FORTIS","920.00","967.70","903.35","920.00","955.15","-","35.15","3.82","3551821","334.62","1,104.30","766.80","1.21","8.05"
"PGEL","614.30","643.95","602.45","609.75","630.65","-","20.9","3.43","11060038","693.77","791.30","436.55","12.08","-14.41"
"TCS","2,375.00","2,457.70","2,375.00","2,373.00","2,452.70","-","79.7","3.36","4547979","1,107.74","3,350.00","1,976.80","19.21","-19.5"
"SONACOMS","790.00","821.00","787.00","792.00","818.05","-","26.05","3.29","3753214","303.07","824.60","402.30","23.56","82.25"
"GRASIM","3,220.00","3,349.60","3,183.00","3,220.00","3,323.00","-","113","3.52","1071215","351.15","3,349.60","2,502.50","6","21.11"
"HINDALCO","1,017.00","1,059.60","1,017.00","1,027.00","1,059.60","-","32.6","3.17","9284747","965.79","1,176.00","657.50","9.05","54.28"
"HEROMOTOCO","5,541.00","5,800.00","5,541.00","5,550.50","5,725.00","-","174.5","3.14","1914675","1,093.02","6,388.50","4,422.30","17.01","22.84"
"LTM","4,542.00","4,688.00","4,542.00","4,528.00","4,658.10","-","130.1","2.87","643855","298.74","6,429.50","3,528.00","22.78","0"
"JUBLFOOD","470.00","488.00","469.40","473.00","486.50","-","13.5","2.85","4147385","200.65","670.45","408.55","13.35","-23.47"
"M&M","3,405.00","3,504.90","3,402.10","3,406.00","3,502.00","-","96","2.82","3299237","1,146.65","3,839.90","2,896.00","12.88","9.06"
"BHARATFORG","2,209.90","2,270.00","2,190.40","2,210.00","2,265.20","-","55.2","2.5","1152060","258.48","2,270.00","1,100.50","7.84","95.01"
"BOSCHLTD","42,350.00","42,950.00","42,000.00","42,000.00","42,950.00","-","950","2.26","28216","119.74","43,650.00","28,610.00","3.22","11.36"
"HINDZINC","593.00","605.85","590.05","590.00","603.00","-","13","2.2","6362181","381.55","733.00","414.55","13.71","42"
"POWERINDIA","31,945.00","32,680.00","31,945.00","31,900.00","32,600.00","-","700","2.19","91167","295.96","38,785.00","16,111.00","2.66","57.41"
"MPHASIS","2,415.00","2,498.00","2,405.10","2,421.90","2,475.00","-","53.1","2.19","608641","150.62","3,037.20","2,013.00","10.4","-8.42"
"WAAREEENER","2,663.90","2,730.00","2,656.90","2,660.90","2,717.00","-","56.1","2.11","777123","210.29","3,865.00","2,403.00","-3.77","-14.1"
"DELHIVERY","466.00","480.00","464.05","463.60","473.30","-","9.7","2.09","6405412","302.43","524.00","374.45","-5.68","1.62"
"COCHINSHIP","1,490.00","1,524.70","1,482.60","1,490.00","1,519.70","-","29.7","1.99","2274374","343.33","1,979.90","1,187.00","8.23","-10.22"
"BRITANNIA","5,502.50","5,660.00","5,500.00","5,404.00","5,510.00","-","106","1.96","1342849","750.54","6,336.00","5,035.00","3.66","0.61"
"TATAELXSI","3,716.40","3,833.60","3,716.10","3,715.00","3,781.00","-","66","1.78","449437","170.49","5,972.00","3,353.90","4.34","-35.53"
"LICI","393.45","396.85","391.10","387.55","394.00","-","6.45","1.66","36390176","1,431.95","468.48","360.75","-7.92","-55.48"
"BANKINDIA","142.95","145.14","142.00","142.66","145.00","-","2.34","1.64","8569425","123.03","178.36","109.30","7.31","29.57"
"HCLTECH","1,329.00","1,369.00","1,328.00","1,335.00","1,356.60","-","21.6","1.62","1725616","233.64","1,780.10","1,030.00","18.42","-8.06"
"RECLTD","361.95","368.70","361.50","361.50","367.00","-","5.5","1.52","4061190","148.79","396.70","304.05","5.23","-4.66"
"TVSMOTOR","4,380.00","4,458.00","4,378.00","4,375.00","4,440.90","-","65.9","1.51","840158","372.53","4,458.00","2,931.30","22.01","47.37"
"MANKIND","2,430.00","2,456.00","2,415.60","2,420.30","2,456.00","-","35.7","1.48","167663","40.88","2,674.00","1,909.70","-1.41","-3.22"
"VEDL","273.95","278.85","271.85","275.00","278.85","-","3.85","1.4","10287563","282.96","795.00","249.70","2.41","-36.31"
"KALYANKJIL","607.00","630.00","601.15","598.00","606.30","-","8.3","1.39","33255299","2,052.62","648.95","327.05","62.05","2.6"
"PETRONET","275.40","280.60","275.40","276.95","280.60","-","3.65","1.32","833605","23.22","326.40","235.35","3.31","0.94"
"INDIANB","879.35","899.00","878.10","877.90","889.50","-","11.6","1.32","4024185","357.96","1,000.90","626.85","15.16","37.34"
"APLAPOLLO","1,945.90","1,970.00","1,942.50","1,945.00","1,970.00","-","25","1.29","404634","79.24","2,301.40","1,549.00","8.86","23.5"
"SBIN","1,080.10","1,124.50","1,075.70","1,085.00","1,097.20","-","12.2","1.12","29410622","3,246.05","1,234.70","790.00","7.9","36.27"
"KPITTECH","623.00","637.25","620.55","623.00","629.90","-","6.9","1.11","2544167","160.33","1,328.00","543.00","13.58","-47.92"
"INFY","1,160.00","1,183.00","1,155.60","1,165.00","1,175.10","-","10.1","0.87","7581410","890.98","1,728.00","982.40","9.89","-18.22"
"SOLARINDS","18,509.00","18,669.00","18,391.00","18,496.00","18,650.00","-","154","0.83","49218","91.17","19,187.00","11,646.00","3.78","25.2"
"HINDUNILVR","2,083.10","2,099.40","2,077.20","2,079.50","2,096.00","-","16.5","0.79","1054665","220.86","2,750.00","2,016.00","-1.86","-16.74"
"IDEA","12.64","12.88","12.60","12.63","12.73","-","0.1","0.79","205855564","261.85","15.34","6.12","-8.61","89.43"
"LAURUSLABS","1,838.00","1,856.00","1,833.20","1,830.00","1,844.30","-","14.3","0.78","1553067","286.88","1,856.60","810.05","25.53","120.02"
"BANDHANBNK","174.66","177.20","173.52","174.66","176.02","-","1.36","0.78","10729624","188.66","220.76","134.25","-10.21","5.95"
"VOLTAS","1,275.00","1,303.70","1,271.90","1,275.00","1,285.00","-","10","0.78","811972","104.31","1,582.50","1,186.80","2.5","-1.85"
"MANAPPURAM","364.55","368.50","358.50","364.00","366.75","-","2.75","0.76","2588647","94.28","381.55","245.15","10.28","40.57"
"WIPRO","185.87","188.37","185.65","186.12","187.53","-","1.41","0.76","7823102","146.43","273.10","169.00","8.57","-22.61"
"FEDERALBNK","353.20","359.80","350.85","353.55","356.25","-","2.7","0.76","4924276","175.54","371.70","188.40","9.1","79.35"
"RELIANCE","1,320.00","1,337.00","1,316.60","1,325.00","1,334.80","-","9.8","0.74","9885638","1,313.88","1,611.80","1,249.80","4.62","-3.93"
"PATANJALI","352.95","357.50","351.10","355.00","357.50","-","2.5","0.7","2796734","99.04","615.00","328.20","-12.66","-80.36"
"INDUSTOWER","385.00","386.80","383.10","383.30","386.00","-","2.7","0.7","3442481","132.52","481.50","312.55","-0.66","15.34"
"KAYNES","3,830.00","3,899.00","3,806.00","3,830.00","3,856.30","-","26.3","0.69","806763","310.27","7,705.00","2,995.00","20.11","-36.67"
"EICHERMOT","7,940.00","8,067.50","7,920.00","7,967.50","8,020.00","-","52.5","0.66","339416","271.91","8,230.00","5,588.00","8.11","41.16"
"TIINDIA","2,754.90","2,783.00","2,742.20","2,753.80","2,772.00","-","19.7","0.72","142399","39.29","3,419.90","2,164.90","-4.39","-5.81"
"RADICO","4,477.60","4,499.00","4,431.70","4,470.00","4,499.00","-","29","0.65","299219","133.44","4,590.30","2,500.00","10.33","58.58"
"KFINTECH","931.95","937.00","925.00","930.00","936.00","-","6","0.65","295773","27.57","1,215.00","784.95","10.38","-14.1"
"BSE","3,435.00","3,529.00","3,415.50","3,435.00","3,457.10","-","22.1","0.64","3722055","1,290.30","4,446.80","2,021.50","-7.54","41.56"
"ADANIENSOL","1,620.00","1,647.00","1,606.00","1,620.00","1,630.10","-","10.1","0.62","1391604","226.80","1,789.00","744.90","-1.53","105.15"
"BHARTIARTL","1,938.30","1,961.00","1,938.30","1,948.00","1,959.90","-","11.9","0.61","3019876","589.59","2,174.50","1,740.50","3.8","1.94"
"OFSS","11,650.00","11,857.00","11,572.00","11,735.00","11,805.00","-","70","0.6","186998","219.06","11,979.00","6,234.50","7.3","37.72"
"UNIONBANK","182.20","184.90","180.00","182.50","183.60","-","1.1","0.6","22186841","405.80","205.49","124.64","18.92","38.62"
"GMRAIRPORT","106.50","107.42","105.70","106.59","107.20","-","0.61","0.57","7114277","76.02","115.64","84.11","-3.43","18.28"
"INDUSINDBK","1,010.30","1,024.90","1,004.40","1,016.20","1,022.00","-","5.8","0.57","1727371","175.16","1,077.85","710.60","2.75","26.59"
"ZYDUSLIFE","1,102.10","1,117.70","1,093.20","1,108.00","1,114.20","-","6.2","0.56","666151","73.56","1,181.50","835.50","-2.94","17.97"
"UNOMINDA","1,270.00","1,292.10","1,265.10","1,278.00","1,285.00","-","7","0.55","557760","71.52","1,382.00","994.00","13.53","16.07"
"PREMIERENE","1,050.90","1,063.00","1,022.00","1,041.70","1,047.20","-","5.5","0.53","2579738","269.80","1,134.00","660.00","0.32","5.71"
"JSWENERGY","561.00","567.50","560.00","561.50","564.40","-","2.9","0.52","1552610","87.59","617.35","427.75","5.11","5.91"
"TATAPOWER","378.60","382.70","377.30","378.60","380.55","-","1.95","0.52","2614409","99.48","464.90","342.50","2.27","-1.3"
"IOC","141.99","143.40","141.81","142.66","143.38","-","0.72","0.5","5173696","73.81","188.96","130.22","4.18","1.21"
"TMPV","345.00","349.80","343.65","345.35","347.00","-","1.65","0.48","4274035","147.97","739.70","294.30","4.5","0"
"PFC","417.00","421.15","414.50","418.00","420.00","-","2","0.48","4422078","185.24","486.50","329.90","4.06","2.7"
"BEL","401.00","403.00","398.35","399.20","401.00","-","1.8","0.45","10798068","433.07","473.45","361.20","-1.62","3.42"
"PNB","114.01","115.37","113.60","114.30","114.81","-","0.51","0.45","11202537","128.22","135.15","98.50","13.73","9.67"
"CUMMINSIND","5,405.00","5,474.50","5,348.50","5,402.00","5,426.00","-","24","0.44","262771","142.56","6,100.00","3,572.90","-1.32","47.69"
"ONGC","238.50","241.69","237.05","237.80","238.85","-","1.05","0.44","10078070","241.00","307.50","227.65","-3.3","2.1"
"PRESTIGE","1,577.00","1,599.80","1,565.80","1,578.00","1,584.80","-","6.8","0.43","475170","74.99","1,805.20","1,090.00","-3.09","-2.74"
"ADANIPOWER","208.13","212.10","208.13","208.12","209.00","-","0.88","0.42","14372119","302.16","254.20","110.45","-3.46","-63.9"
"ALKEM","5,520.50","5,647.50","5,506.00","5,597.50","5,620.00","-","32.5","0.58","76165","42.69","5,933.50","4,738.50","0.25","15.35"
"GLENMARK","2,274.90","2,289.00","2,256.00","2,270.00","2,279.10","-","9.1","0.4","437610","99.65","2,474.00","1,792.60","2.49","10.49"
"LODHA","1,214.00","1,225.00","1,204.70","1,214.00","1,218.70","-","8.9","0.74","890480","108.10","1,344.95","650.80","9.29","-0.3"
"BAJAJ-AUTO","11,580.00","11,730.00","11,574.00","11,620.00","11,662.00","-","42","0.36","208968","243.96","11,856.00","7,858.50","14.74","41.72"
"CGPOWER","875.00","880.70","870.00","876.00","879.00","-","3","0.34","1523373","133.40","980.90","525.50","-3.2","28.97"
"POLICYBZR","1,593.90","1,613.40","1,583.10","1,599.00","1,604.50","-","5.5","0.34","733424","117.35","1,974.00","1,364.00","2.69","-9.55"
"NESTLEIND","1,523.00","1,553.00","1,520.00","1,535.00","1,540.00","-","5","0.33","1520661","234.68","1,553.00","1,084.70","6.17","-31.08"
"POWERGRID","268.65","272.85","268.35","270.75","271.60","-","0.85","0.31","7795199","211.21","324.95","250.00","-2.9","-4.89"
"PERSISTENT","5,470.00","5,594.00","5,448.50","5,459.50","5,475.00","-","15.5","0.28","507690","279.72","6,599.00","4,244.50","14.79","5.64"
"HDFCAMC","2,534.00","2,552.40","2,521.20","2,538.10","2,545.00","-","6.9","0.27","310098","78.79","2,967.25","2,205.60","-4.29","-55.07"
"DALBHARAT","1,828.40","1,832.10","1,794.00","1,822.50","1,827.40","-","4.9","0.27","103018","18.75","2,496.30","1,605.00","6.34","-19.39"
"INDIGO","5,284.00","5,367.50","5,281.00","5,318.50","5,333.00","-","14.5","0.27","432283","230.60","6,232.50","3,895.20","4.08","-8.98"
"ULTRACEMCO","12,051.00","12,105.00","11,970.00","12,075.00","12,105.00","-","30","0.25","171352","206.06","13,110.00","10,325.00","6.62","-1.37"
"MARICO","860.95","863.95","852.40","860.00","862.00","-","2","0.23","1151946","98.83","889.10","690.30","2.61","19.96"
"HAVELLS","1,276.20","1,293.60","1,276.20","1,285.50","1,288.00","-","2.5","0.19","1506943","193.87","1,621.10","1,123.60","6.64","-13.83"
"CANBK","130.98","132.48","130.43","131.70","131.95","-","0.25","0.19","22576580","297.29","162.89","103.55","8.91","21.28"
"JINDALSTEL","1,101.00","1,105.70","1,092.10","1,101.00","1,103.00","-","2","0.18","392474","43.11","1,306.20","943.30","7.98","10.36"
"COFORGE","1,772.80","1,809.00","1,765.50","1,772.80","1,776.00","-","3.2","0.18","2666057","476.74","1,989.70","1,008.10","22.83","4.22"
"TECHM","1,639.80","1,681.50","1,634.30","1,632.20","1,635.00","-","2.8","0.17","6089110","1,007.14","1,854.00","1,304.10","14.43","10.32"
"ASTRAL","1,440.00","1,451.30","1,435.00","1,442.00","1,444.00","-","2","0.14","118762","17.12","1,768.70","1,263.70","8.08","1.98"
"AMBER","7,424.00","7,557.00","7,329.00","7,425.00","7,435.00","-","10","0.13","210061","156.19","8,974.00","5,400.50","0.15","-3.81"
"SUZLON","48.09","48.99","47.95","48.10","48.15","-","0.05","0.1","52362545","253.75","65.85","38.19","-9.37","-25.01"
"KEI","5,569.00","5,629.00","5,542.30","5,595.00","5,600.00","-","5","0.09","273169","152.91","5,708.00","3,712.20","11.32","45.74"
"DRREDDY","1,166.00","1,172.00","1,162.10","1,171.00","1,172.00","-","1","0.09","1072438","125.17","1,414.90","1,101.00","-13.12","-2.4"
"COLPAL","2,026.00","2,037.50","2,009.20","2,028.40","2,030.00","-","1.6","0.08","222982","45.12","2,504.00","1,782.00","0.49","-9.39"
"ITC","285.00","286.10","284.40","285.90","286.10","-","0.2","0.07","6128841","174.73","427.00","275.00","1.94","-30.83"
"ADANIGREEN","1,371.50","1,389.90","1,365.70","1,371.50","1,372.40","-","0.9","0.07","1273380","175.19","1,631.50","765.00","-8.79","46.51"
"UPL","573.05","575.00","570.15","572.75","573.00","-","0.25","0.04","882844","50.51","812.20","563.15","-1.5","-18.78"
"YESBANK","22.68","22.80","22.63","22.68","22.69","-","0.01","0.04","25521116","57.93","25.78","17.20","-3.12","20.88"
"NYKAA","331.55","335.85","328.65","331.95","332.00","-","0.05","0.02","4598346","152.48","348.00","200.14","4.42","58.17"
"NATIONALUM","382.50","382.85","377.15","381.00","381.00","-","0","0","4423953","167.96","445.15","183.86","8.93","100.78"
"DIXON","14,200.00","14,294.00","14,050.00","14,200.00","14,200.00","-","0","0","192713","272.97","18,471.00","9,600.00","9.79","-14.78"
"DLF","635.05","649.90","635.05","642.00","642.00","-","0","0","2466390","158.88","794.80","489.40","1.26","-15.49"
"ASHOKLEY","177.00","177.99","175.50","177.50","177.50","-","0","0","11282040","199.38","215.42","114.96","13.62","48.15"
"PAYTM","1,425.30","1,459.50","1,425.30","1,442.00","1,441.60","-","-0.4","-0.03","3055929","442.94","1,459.50","930.60","17.84","35.32"
"COALINDIA","415.00","415.25","412.50","415.60","415.25","-","-0.35","-0.08","3493763","144.42","491.25","368.65","-3.22","9.41"
"MCX","2,633.20","2,684.50","2,621.00","2,640.00","2,638.00","-","-2","-0.08","1444759","384.61","3,480.00","1,460.80","-3.79","-66.54"
"ADANIPORTS","1,695.00","1,702.30","1,676.70","1,695.00","1,693.50","-","-1.5","-0.09","2387389","402.85","1,891.10","1,290.50","-5.48","25.87"
"SAIL","176.60","176.88","174.61","176.74","176.58","-","-0.16","-0.09","9569899","168.38","209.70","118.10","8.99","43.14"
"OBEROIRLTY","1,780.00","1,792.20","1,770.50","1,777.00","1,775.00","-","-2","-0.11","171271","30.50","1,986.10","1,391.20","-5.09","10.21"
"BANKBARODA","249.99","251.25","248.02","251.00","250.70","-","-0.3","-0.12","7479873","186.88","325.50","230.81","4.26","3.57"
"LT","4,040.10","4,062.00","4,030.00","4,061.80","4,056.00","-","-5.8","-0.14","901290","364.63","4,440.00","3,288.10","4.21","11.38"
"LICHSGFIN","507.35","507.90","502.70","505.00","504.25","-","-0.75","-0.15","1604722","81.03","598.20","458.90","-4.97","-12.82"
"MUTHOOTFIN","2,900.00","2,914.00","2,870.50","2,894.20","2,890.00","-","-4.2","-0.15","813420","235.12","4,149.50","2,476.60","-6.27","9.69"
"SBICARD","660.00","666.70","653.65","660.00","659.00","-","-1","-0.15","1453309","95.81","965.00","565.45","12.63","-17.26"
"GODFRYPHLP","2,293.00","2,307.00","2,271.00","2,290.00","2,286.00","-","-4","-0.17","232091","53.07","3,947.00","1,832.10","9.77","-77.14"
"HAL","4,925.00","4,975.00","4,876.00","4,920.00","4,910.00","-","-10","-0.2","1083102","532.51","4,978.00","3,479.10","12.49","7.9"
"ADANIENT","3,025.90","3,039.50","3,004.50","3,026.00","3,020.00","-","-6","-0.2","788881","238.45","3,245.00","1,753.00","-0.88","34.23"
"MAXHEALTH","1,070.00","1,084.30","1,067.00","1,072.40","1,070.00","-","-2.4","-0.22","1189799","127.55","1,301.70","903.00","-1.36","-15.48"
"CDSL","1,331.00","1,334.40","1,324.10","1,331.00","1,328.00","-","-3","-0.23","571095","75.85","1,673.70","1,116.30","1.27","-15.12"
"INOXWIND","78.30","78.70","76.85","78.20","78.00","-","-0.2","-0.26","9963031","77.45","159.30","73.81","-5.71","-46.44"
"OIL","445.25","451.85","437.10","444.00","442.80","-","-1.2","-0.27","4232298","188.13","531.00","384.60","2.89","2.46"
"SIEMENS","3,955.10","3,984.50","3,921.00","3,952.00","3,940.10","-","-11.9","-0.3","221514","87.48","4,073.80","2,826.00","14.34","26.41"
"SUNPHARMA","1,955.00","1,957.00","1,925.10","1,951.00","1,945.00","-","-6","-0.31","2425268","469.99","2,046.90","1,548.00","3.01","21.68"
"MARUTI","13,811.00","14,038.00","13,811.00","14,080.00","14,037.00","-","97","0.7","324104","452.72","17,370.00","12,201.00","0.62","11.12"
"SBILIFE","1,861.50","1,871.80","1,852.80","1,861.50","1,855.50","-","-6","-0.32","390231","72.61","2,132.00","1,700.40","3.72","-0.3"
"DABUR","410.95","413.45","408.50","411.30","410.00","-","-1.3","-0.32","1749544","71.83","577.00","403.35","-6.08","-20.73"
"APOLLOHOSP","9,000.00","9,000.00","8,922.00","8,974.50","8,945.00","-","-29.5","-0.33","273543","245.14","9,050.00","6,696.50","2.19","24.76"
"PAGEIND","39,890.00","40,240.00","39,735.00","40,050.00","39,900.00","-","-150","-0.37","10770","43.10","47,310.00","29,805.00","-3.66","-12.81"
"BDL","1,299.00","1,311.90","1,288.50","1,299.00","1,294.00","-","-5","-0.38","872088","113.36","1,654.00","1,086.00","-3.25","-17.47"
"SRF","2,624.90","2,640.60","2,610.00","2,624.90","2,615.00","-","-9.9","-0.38","262181","68.71","3,210.00","2,355.00","-3.49","-9.95"
"ETERNAL","314.00","316.90","313.15","316.25","315.00","-","-1.25","-0.4","12763812","401.72","368.45","212.60","9.87","4.39"
"HDFCBANK","733.00","736.00","728.20","734.30","731.00","-","-3.3","-0.45","19382042","1,419.21","1,020.50","726.65","-9.79","-63.37"
"VBL","444.05","447.35","439.55","444.00","442.00","-","-2","-0.45","2472286","109.31","555.80","381.00","-6.86","-12.07"
"HDFCLIFE","542.50","544.95","537.50","542.50","540.00","-","-2.5","-0.46","1413369","76.48","815.00","530.50","-2.83","-28.54"
"MOTILALOFS","869.95","875.70","858.05","874.00","870.00","-","-4","-0.46","891154","77.15","1,097.10","614.90","-4.35","-5.21"
"HINDPETRO","392.95","395.45","392.00","395.00","393.05","-","-1.95","-0.49","5095295","200.47","508.45","316.20","1.6","-2.32"
"HYUNDAI","2,209.10","2,215.20","2,196.00","2,212.00","2,200.50","-","-11.5","-0.52","279115","61.57","2,890.00","1,658.00","14.79","2.82"
"RBLBANK","390.00","390.25","384.15","392.00","389.80","-","-2.2","-0.56","1693465","65.51","392.70","243.25","8.34","45.94"
"GODREJPROP","2,081.00","2,108.60","2,062.30","2,081.90","2,070.00","-","-11.9","-0.57","486095","101.19","2,352.00","1,434.00","4.57","1.28"
"AMBUJACEM","438.00","438.00","431.80","436.50","434.00","-","-2.5","-0.57","2026621","87.90","606.85","394.00","3.06","-26.73"
"MAZDOCK","2,530.00","2,558.00","2,496.90","2,530.00","2,514.90","-","-15.1","-0.6","1078657","272.21","3,061.40","2,057.40","2.62","-9.7"
"IRFC","89.29","89.47","88.57","89.29","88.75","-","-0.54","-0.6","5732015","50.99","137.17","86.02","1.43","-30.26"
"PNBHOUSING","1,150.00","1,151.80","1,119.50","1,150.00","1,143.00","-","-7","-0.61","1476731","167.63","1,167.00","729.60","6.6","50.65"
"JSWSTEEL","1,303.80","1,309.90","1,288.50","1,307.90","1,299.50","-","-8.4","-0.64","720726","93.55","1,335.00","1,022.30","6.56","22.04"
"TORNTPHARM","4,956.00","4,987.50","4,901.00","4,956.00","4,924.00","-","-32","-0.65","394462","194.61","5,250.00","3,480.60","1.18","36.9"
"INDHOTEL","735.95","738.75","728.75","736.00","731.00","-","-5","-0.68","1606078","117.69","811.95","565.00","1.12","-1.52"
"RVNL","235.00","236.76","233.01","235.00","233.38","-","-1.62","-0.69","4691820","110.07","400.70","220.16","3.85","-32.65"
"TATACONSUM","1,082.20","1,092.00","1,078.00","1,090.00","1,082.30","-","-7.7","-0.71","879013","95.19","1,282.70","1,007.20","-0.69","2.8"
"NTPC","345.00","347.00","342.50","345.00","342.50","-","-2.5","-0.72","7012048","241.54","414.40","315.55","-1.78","3.87"
"BHEL","406.95","418.70","402.20","408.15","405.20","-","-2.95","-0.72","9754089","401.13","446.50","205.12","7.25","77.74"
"VMM","109.52","110.08","107.93","109.52","108.72","-","-0.8","-0.73","7431528","80.68","157.60","98.77","-6.2","-24.79"
"ASIANPAINT","2,755.00","2,755.00","2,695.00","2,755.00","2,735.00","-","-20","-0.73","1067986","290.05","2,985.70","2,115.00","2.59","9.12"
"NHPC","77.50","77.69","76.81","77.50","76.92","-","-0.58","-0.75","7065480","54.47","89.22","71.62","-2.4","-7.78"
"PIIND","2,778.40","2,796.60","2,751.20","2,796.00","2,774.60","-","-11.4","-0.41","85234","23.60","4,128.10","2,527.00","7.86","-31.05"
"DMART","3,945.00","3,948.40","3,885.50","3,931.20","3,900.00","-","-31.2","-0.79","374241","146.21","4,949.50","3,529.00","-3.43","-8.53"
"KOTAKBANK","393.00","394.85","387.75","394.00","390.75","-","-3.25","-0.82","7315232","285.43","453.20","345.50","5.58","-80.39"
"BPCL","320.90","323.55","317.10","323.70","321.00","-","-2.7","-0.83","5431740","174.13","391.65","266.60","5.75","3.43"
"UNITDSPR","1,521.20","1,529.80","1,512.40","1,525.00","1,512.40","-","-12.6","-0.83","324797","49.36","1,548.00","1,210.80","7.35","17.24"
"IDFCFIRSTB","85.00","85.14","84.35","85.35","84.62","-","-0.48","-0.56","9539702","80.91","88.76","58.08","8.74","22.23"
"CIPLA","1,477.00","1,477.00","1,462.10","1,477.00","1,463.80","-","-13.2","-0.89","765193","112.32","1,673.00","1,165.70","2.23","-1.82"
"DIVISLAB","8,285.50","8,334.00","8,233.50","8,349.00","8,275.00","-","-74","-0.89","256657","212.43","8,585.00","5,636.50","22.5","34.96"
"LUPIN","2,410.00","2,410.00","2,346.00","2,385.00","2,363.50","-","-21.5","-0.9","2046981","487.92","2,529.50","1,836.80","-3.88","21.57"
"SHREECEM","26,355.00","26,355.00","26,010.00","26,245.00","26,010.00","-","-235","-0.9","10742","28.10","31,920.00","22,550.00","0.39","-15.15"
"PHOENIXLTD","1,901.50","1,917.80","1,893.90","1,913.00","1,895.50","-","-17.5","-0.91","291623","55.39","2,169.80","1,402.50","-6.28","30.11"
"TATASTEEL","189.41","189.69","186.75","189.30","187.55","-","-1.75","-0.92","9924021","186.73","224.40","153.05","-0.35","17.46"
"NBCC","96.01","96.44","94.78","96.25","95.33","-","-0.92","-0.96","4742088","45.26","125.85","77.18","0.58","-13.05"
"IREDA","120.50","121.90","119.55","121.02","119.80","-","-1.22","-1.01","4969707","59.82","163.35","108.65","-1.13","-17.13"
"SUPREMEIND","3,477.00","3,477.00","3,415.30","3,477.00","3,442.00","-","-35","-1.01","177284","60.96","4,664.90","3,140.00","8.26","-17.59"
"FORCEMOT","18,623.00","18,830.00","18,445.00","18,690.00","18,500.00","-","-190","-1.02","46841","87.01","26,450.00","14,911.00","3.56","2.24"
"POLYCAB","9,315.00","9,315.00","9,182.00","9,315.00","9,218.00","-","-97","-1.04","197996","182.97","10,126.00","6,620.00","-0.17","33.96"
"BAJAJHLDNG","11,400.00","11,428.00","11,263.00","11,387.00","11,263.00","-","-124","-1.09","25976","29.46","14,763.00","8,588.00","8.97","-18.27"
"TITAN","4,978.10","5,003.00","4,891.30","4,998.00","4,941.00","-","-57","-1.14","1166858","578.80","5,005.00","3,303.10","7.73","44.66"
"ICICIGI","1,646.10","1,658.70","1,631.40","1,658.00","1,639.00","-","-19","-1.15","395441","64.99","2,064.90","1,544.60","-9.16","-13.89"
"ICICIPRULI","509.60","509.60","501.05","507.00","501.05","-","-5.95","-1.17","974283","49.11","706.80","459.50","4.37","-19.02"
"NAUKRI","1,236.90","1,244.00","1,222.60","1,240.00","1,225.30","-","-14.7","-1.19","747939","92.07","1,437.80","908.30","3.93","-10.02"
"CONCOR","510.15","513.90","505.20","512.00","505.20","-","-6.8","-1.33","892002","45.39","583.00","421.45","11.92","-8.74"
"IEX","128.26","128.67","126.52","128.83","127.10","-","-1.73","-1.34","2475559","31.53","160.27","114.60","8.81","-4.77"
"MFSL","1,510.00","1,524.00","1,497.40","1,518.80","1,497.40","-","-21.4","-1.41","359409","54.31","1,892.50","1,433.60","-3.96","-0.5"
"AXISBANK","1,252.10","1,256.00","1,238.00","1,256.00","1,238.00","-","-18","-1.43","3628823","451.48","1,418.30","1,042.50","-5.46","15.03"
"NMDC","85.90","86.00","84.90","86.20","84.92","-","-1.28","-1.48","9354641","79.65","97.49","68.19","1.41","18.77"
"CAMS","801.00","801.05","778.05","799.45","787.50","-","-11.95","-1.49","1011683","79.36","844.90","611.40","5.03","-79.38"
"360ONE","1,185.60","1,192.80","1,151.00","1,186.00","1,168.10","-","-17.9","-1.51","1707560","200.44","1,236.20","906.05","7","9.64"
"PIDILITIND","1,675.00","1,675.00","1,648.10","1,686.00","1,660.00","-","-26","-1.54","917427","152.35","1,686.40","1,259.00","5.71","-45.59"
"GVT&D","4,366.70","4,398.00","4,270.10","4,366.70","4,299.00","-","-67.7","-1.55","758827","328.01","5,650.00","2,523.20","-3.75","54.16"
"GAIL","175.81","176.28","171.89","176.40","173.63","-","-2.77","-1.57","7005144","121.22","186.87","134.36","2.59","2.44"
"ANGELONE","297.05","298.75","289.05","297.10","292.00","-","-5.1","-1.72","4094497","119.47","360.45","208.63","-11.84","-88.95"
"ABB","7,657.50","7,670.00","7,580.00","7,735.00","7,600.00","-","-45","-0.59","179322","136.48","7,924.50","4,637.50","12.24","48.48"
"AUBANK","1,084.90","1,088.10","1,067.00","1,087.60","1,067.00","-","-20.6","-1.89","752130","81.05","1,105.90","682.15","2.71","43.56"
"NAM-INDIA","1,193.30","1,193.30","1,163.10","1,200.00","1,176.00","-","-24","-2","688856","80.98","1,233.50","780.25","0.68","45.19"
"SHRIRAMFIN","1,134.00","1,134.00","1,109.00","1,141.00","1,115.00","-","-26","-2.28","3239689","362.07","1,153.70","566.50","9.92","77.73"
"BIOCON","430.00","436.20","425.30","436.60","426.35","-","-10.25","-2.35","5265823","225.79","447.15","331.00","7.38","17.06"
"JIOFIN","263.10","263.40","256.80","263.10","256.80","-","-6.3","-2.39","10858220","281.56","333.70","223.30","11.66","-21.11"
"ICICIBANK","1,451.00","1,455.00","1,418.20","1,457.50","1,421.00","-","-36.5","-2.5","14395789","2,063.15","1,480.00","1,187.60","2.93","-1.34"
"GODREJCP","1,077.00","1,087.20","1,032.30","1,077.30","1,050.00","-","-27.3","-2.53","2659684","280.48","1,309.00","967.05","-2.34","-13.93"
"LTF","316.65","316.90","305.60","316.65","308.00","-","-8.65","-2.73","4814207","148.75","338.60","194.40","-2","53.78"
"SWIGGY","288.90","288.95","278.25","288.65","280.75","-","-7.9","-2.74","26303196","741.75","474.00","235.75","7.4","-29.55"
"ABCAPITAL","419.00","420.50","404.70","421.50","408.05","-","-13.45","-3.19","4840967","197.87","430.70","267.00","5.78","46.7"
"TRENT","3,106.50","3,106.50","2,985.60","3,107.10","2,997.00","-","-110.1","-3.54","2469173","745.66","3,782.67","2,183.67","2.5","-43.49"
"BLUESTARCO","1,563.80","1,595.00","1,497.00","1,571.00","1,514.00","-","-57","-3.63","2392270","364.92","2,040.00","1,450.00","-3.86","-17.15"
"BAJAJFINSV","2,050.00","2,050.00","1,988.00","2,086.00","2,008.90","-","-77.1","-3.7","2416624","485.17","2,195.00","1,597.00","8.3","4.96"
"CHOLAFIN","1,913.90","1,922.00","1,862.80","1,940.00","1,866.20","-","-73.8","-3.8","1617860","305.13","1,952.50","1,299.40","5.47","25.42"
"BAJFINANCE","1,113.00","1,113.00","1,074.50","1,144.80","1,078.00","-","-66.8","-5.84","15614001","1,702.30","1,176.40","787.90","6.69","22.63"
"CROMPTON","270.00","270.00","248.30","270.00","249.95","-","-20.05","-7.43","22616837","571.17","337.50","217.40","-3.46","-21.73"